id,id_cliente,url_carta,url_obtenida
1,3527999,https://storage.cloud.google.com/ccu-forms-front-media/1e266350-ef65-4c6f-a297-626ee80f30f6/Subítufotodelacarta_menú(V)_0.jpg,
2,3535730,https://storage.cloud.google.com/ccu-forms-front-media/b9f11abf-0bd5-42e5-bf62-38a998553377/Subítufotodelacarta_menú(V)_0.jpg,
3,3525262,https://storage.cloud.google.com/ccu-forms-front-media/1de838fe-02b1-4984-bce0-3a244c89de29/IMG-20250924-WA0076(2).jpg,
4,3525293,https://storage.cloud.google.com/ccu-forms-front-media/1b650a50-8d03-4908-aecf-5dbe9fbd3c40/IMG-20250924-WA0077(2).jpg,
5,3525307,https://storage.cloud.google.com/ccu-forms-front-media/60378c4d-8c0a-4bd9-9041-45dbc99afd67/IMG-20250924-WA0075(2).jpg,
6,3525269,https://storage.cloud.google.com/ccu-forms-front-media/973bc13f-25f9-4268-834c-fac3df31730b/IMG-20250924-WA0079(2).jpg,
7,3525280,https://storage.cloud.google.com/ccu-forms-front-media/01fb1045-2ce8-47cd-8b3a-34e05967e43e/IMG-20250924-WA0078(2).jpg,
8,3528042,https://storage.cloud.google.com/ccu-forms-front-media/97816a29-ba25-4524-a1a5-053406922993/Subítufotodelacarta_menú(V)_0.jpg,
9,3528369,https://storage.cloud.google.com/ccu-forms-front-media/undefined/undefined,
10,3526151,https://storage.cloud.google.com/ccu-forms-front-media/0b0bb99f-7dc8-4032-b8d9-d681b6310b0c/Subítufotodelacarta_menú(V)_0.jpg,
11,3528363,https://storage.cloud.google.com/ccu-forms-front-media/bf6e2cc4-4abc-4854-a778-67d4f7eb1350/1000334544.jpg,
12,3528360,https://storage.cloud.google.com/ccu-forms-front-media/c5676356-18b1-4fc0-be75-5e6a02744c02/1000334505.jpg,
13,3528354,https://storage.cloud.google.com/ccu-forms-front-media/e22abc26-fe99-44f7-a1d2-8c51e04dcb41/1000334502.jpg,
14,3528361,https://storage.cloud.google.com/ccu-forms-front-media/2b9980ed-a6af-4079-abf2-4ad6636083b5/1000334519.jpg,
15,3528365,https://storage.cloud.google.com/ccu-forms-front-media/d51f6169-5e9f-42b2-853c-5db62de17c29/1000334562.jpg,
16,3528350,https://storage.cloud.google.com/ccu-forms-front-media/38d20eea-4aad-4211-8ad9-3ac16f70f5ac/Subítufotodelacarta_menú(V)_0.jpg,
17,3530602,https://storage.cloud.google.com/ccu-forms-front-media/09ee1354-6a2d-441c-972f-7cba021fadc2/1000334600.jpg,
18,3525606,https://storage.cloud.google.com/ccu-forms-front-media/undefined/undefined,
19,3527960,https://storage.cloud.google.com/ccu-forms-front-media/7fc8070f-2129-4c1e-a8e4-ca42d6bb0fca/Subítufotodelacarta_menú(V)_0.jpg,
20,3526282,https://storage.cloud.google.com/ccu-forms-front-media/fad06e05-2795-44ed-a326-eedf174b7e56/Subítufotodelacarta_menú(V)_0.jpg,
21,3527417,https://storage.cloud.google.com/ccu-forms-front-media/339ec99f-8b2d-426c-be52-76d734271a56/Subítufotodelacarta_menú(V)_0.jpg,
22,3528092,https://storage.cloud.google.com/ccu-forms-front-media/a4776b87-295d-40f6-9942-8bf3994b91bd/Subítufotodelacarta_menú(V)_0.jpg,
23,3528086,https://storage.cloud.google.com/ccu-forms-front-media/c760339c-dba6-4826-ad57-c9ce1a541cda/Subítufotodelacarta_menú(V)_0.jpg,
24,3525882,https://storage.cloud.google.com/ccu-forms-front-media/8bb0f107-2e2f-4dda-b2fd-1e9bda1a798f/Subítufotodelacarta_menú(V)_0.jpg,
25,3528026,https://storage.cloud.google.com/ccu-forms-front-media/e6d99387-6cfd-4d59-be00-4e27302ec1f9/Subítufotodelacarta_menú(V)_0.jpg,
26,3526103,https://storage.cloud.google.com/ccu-forms-front-media/c0f57dd9-f4b0-40fe-b5f4-a02d785c31c4/Subítufotodelacarta_menú(V)_0.jpg,
27,3527940,https://storage.cloud.google.com/ccu-forms-front-media/301a8b40-f70c-4e08-b14b-d10caf8b625d/Subítufotodelacarta_menú(V)_0.jpg,
28,3525977,https://storage.cloud.google.com/ccu-forms-front-media/a75993e4-2e39-4737-8c7c-46281f22e9ce/Subítufotodelacarta_menú(V)_0.jpg,
29,3528116,https://storage.cloud.google.com/ccu-forms-front-media/14038fb2-76a4-410b-981d-75878e014341/Subítufotodelacarta_menú(V)_0.jpg,
30,3525918,https://storage.cloud.google.com/ccu-forms-front-media/ee03396a-5cc0-46b6-a459-07e28b277fd5/Subítufotodelacarta_menú(V)_0.jpg,
31,3525868,https://storage.cloud.google.com/ccu-forms-front-media/880c4d88-4d27-4b59-a491-1179068d990b/Subítufotodelacarta_menú(V)_0.jpg,
32,3526272,https://storage.cloud.google.com/ccu-forms-front-media/9a9da87f-3d2e-48df-8f60-6f0b97a0910d/Subítufotodelacarta_menú(V)_0.jpg,
33,3526260,https://storage.cloud.google.com/ccu-forms-front-media/16609dab-678a-49ee-bb5f-ee0ca5e6c707/Subítufotodelacarta_menú(V)_0.jpg,
34,3524208,https://storage.cloud.google.com/ccu-forms-front-media/d0adf558-6e88-446a-a583-6789924e7a23/1000087027.jpg,
35,3524219,https://storage.cloud.google.com/ccu-forms-front-media/62395a4d-2993-4fb3-936f-805c3d948bcd/1000083657.jpg,
36,3525198,https://storage.cloud.google.com/ccu-forms-front-media/871bba31-c867-4704-946a-52899e451205/1000087149.jpg,
37,3524166,https://storage.cloud.google.com/ccu-forms-front-media/54651984-d016-4da3-a44f-a82e2d2668dc/1000058331.jpg,
38,3524206,,
39,3524165,https://storage.cloud.google.com/ccu-forms-front-media/62d947c1-a531-434a-9d58-15ffa629c0f3/1000084143.jpg,
40,3525789,https://storage.cloud.google.com/ccu-forms-front-media/66cfa838-8d03-4219-87a1-80bec18eff4d/Subítufotodelacarta_menú(V)_0.jpg,
41,3527022,https://storage.cloud.google.com/ccu-forms-front-media/ae51ef31-e07a-41b4-94da-51ac091c8c3f/1000319725.jpg,https://cafemartinez.page.link/L6JA
42,3526997,https://storage.cloud.google.com/ccu-forms-front-media/e099d81d-2c31-4c77-8eb4-2a3f224ad69f/Subítufotodelacarta_menú(V)_0.jpg,
43,3526956,https://storage.cloud.google.com/ccu-forms-front-media/6be36825-f05a-4b7c-bde4-85063b5f5c39/Subítufotodelacarta_menú(V)_0.jpg,
44,3524545,https://storage.cloud.google.com/ccu-forms-front-media/6a0095f0-99ba-4b2d-b7c3-53ff685779dd/IMG-20251104-WA0125(1).jpg,
45,3527824,https://storage.cloud.google.com/ccu-forms-front-media/430cfe96-f593-4d93-8cc9-40dc078db03d/IMG-20251006-WA0162(2).jpg,
46,3527884,https://storage.cloud.google.com/ccu-forms-front-media/f3cf39fb-260a-42b9-908f-296ae3a26492/IMG-20251002-WA0099.jpg,
47,3527766,https://storage.cloud.google.com/ccu-forms-front-media/43ee80d7-01fe-429c-a61e-20b98f715d4f/IMG-20251006-WA0205(2).jpg,
48,3527839,https://storage.cloud.google.com/ccu-forms-front-media/989495f9-0d8e-4e41-b526-626e98ef4487/IMG-20251006-WA0159(3).jpg,
49,3527855,https://storage.cloud.google.com/ccu-forms-front-media/3da7a4f8-8641-42b6-ad46-af86dee5f05b/IMG-20251004-WA0018(1).jpg,
50,3524540,https://storage.cloud.google.com/ccu-forms-front-media/9b57ef46-fa36-4aab-9029-01925f8c0362/IMG-20251104-WA0165(1).jpg,
51,3527865,https://storage.cloud.google.com/ccu-forms-front-media/5fb93440-6c76-4939-8369-28a8b0b9dc30/IMG-20251002-WA0148(2).jpg,
52,3527675,https://storage.cloud.google.com/ccu-forms-front-media/812d73f0-f865-46d7-b07f-f3f9c6152156/IMG-20251008-WA0099(2).jpg,
53,3527696,https://storage.cloud.google.com/ccu-forms-front-media/f2d646bd-5188-4680-9252-46f0a903a1ad/IMG-20250707-WA0186(6).jpg,
54,3524517,https://storage.cloud.google.com/ccu-forms-front-media/98ac8da9-d393-4e47-bd96-117cc04ab50a/IMG-20251202-WA0243.jpg,
55,3527811,https://storage.cloud.google.com/ccu-forms-front-media/a641fbe7-92fe-4296-a5a5-bf346b4334ad/IMG-20251203-WA0215.jpg,
56,3527722,https://storage.cloud.google.com/ccu-forms-front-media/5958c7ec-d241-49af-8c78-522134131eeb/IMG-20250929-WA0029(3).jpg,
57,3527708,https://storage.cloud.google.com/ccu-forms-front-media/942d99cf-6e64-439a-9091-889f39060d1b/IMG-20250710-WA0314(5).jpg,
58,3524522,https://storage.cloud.google.com/ccu-forms-front-media/a64f18af-2ab7-4c14-9865-fad93be77be1/IMG-20251120-WA0162.jpg,
59,3524514,https://storage.cloud.google.com/ccu-forms-front-media/61e8c51c-2e74-40c1-8a2d-4704fb890045/IMG-20251121-WA0018.jpeg,
60,3525118,https://storage.cloud.google.com/ccu-forms-front-media/8c346127-3a9b-410d-84c7-614b651d38c4/IMG_20251113_101326457_MFNR.jpg,
61,3524555,https://storage.cloud.google.com/ccu-forms-front-media/46648256-2f9e-4052-a54e-8bc4e8bbf00e/IMG-20251120-WA0021.jpg,
62,3524572,https://storage.cloud.google.com/ccu-forms-front-media/fe663024-a79e-4b76-ad4b-0e89591348c3/Screenshot_20251203-083800.png,
63,3524546,https://storage.cloud.google.com/ccu-forms-front-media/0946958b-f03b-4969-b7c6-1a6f5adb7066/IMG_20251118_130526545_MFNR.jpg,
64,3525292,https://storage.cloud.google.com/ccu-forms-front-media/401399ce-1253-4254-b3fc-9ab291f5d666/Subítufotodelacarta_menú(V)_0.jpg,
65,3526134,https://storage.cloud.google.com/ccu-forms-front-media/d8eded0a-b639-4e5a-8446-3c390e3080ba/Subítufotodelacarta_menú(V)_0.jpg,
66,3525515,https://storage.cloud.google.com/ccu-forms-front-media/3bbc944b-212c-47cf-8bd5-caf92a7c84d1/Subítufotodelacarta_menú(V)_0.jpg,
67,3524557,https://storage.cloud.google.com/ccu-forms-front-media/af8ec7db-6c38-473e-8fc3-8e08d3fc147d/IMG-20251125-WA0134.jpg,
68,3524638,https://storage.cloud.google.com/ccu-forms-front-media/f3bf2004-e9e3-4b9e-bc99-e6aa43475b66/Screenshot_20251024-200708.png,
69,3524641,https://storage.cloud.google.com/ccu-forms-front-media/ede31b3a-5146-4776-9d9f-07315fb89486/Screenshot_20251017-155855.png,
70,3524626,https://storage.cloud.google.com/ccu-forms-front-media/009bb7d6-f5c6-440e-a225-98740118e958/Screenshot_20251117-160612.png,
71,3524649,https://storage.cloud.google.com/ccu-forms-front-media/49a85638-ce48-472a-80b0-0d8b3177d383/Screenshot_20251024-200537.png,
72,3524605,https://storage.cloud.google.com/ccu-forms-front-media/726988e7-d722-43dc-8b44-9b61a839859f/IMG-20251119-WA0359.jpg,
73,3524624,https://storage.cloud.google.com/ccu-forms-front-media/64e02c89-75d0-4ddc-96b2-f9e6e55c33b3/IMG_20251119_103749219_MFNR.jpg,
74,3524617,https://storage.cloud.google.com/ccu-forms-front-media/ab74d18a-685e-46a3-a998-5d3ef41934be/IMG_20251119_103749219_MFNR.jpg,
75,3524645,https://storage.cloud.google.com/ccu-forms-front-media/ec56078b-35c5-4a5b-915e-d216b147f463/Screenshot_20251017-155855.png,
76,3536482,https://storage.cloud.google.com/ccu-forms-front-media/98d03777-1c5c-45fc-aaf7-6868826d0672/IMG_20251009_132540757_HDR.jpg,
77,3524639,https://storage.cloud.google.com/ccu-forms-front-media/18b5a0ba-9323-4101-bf20-def24019a60c/Screenshot_20251024-200708.png,
78,3524169,https://storage.cloud.google.com/ccu-forms-front-media/b99c8d3f-b1af-499a-b16d-4ad75275cd3b/1000181366.jpg,
79,3326791,https://storage.cloud.google.com/ccu-forms-front-media/391ab611-84f8-48e8-b042-f813d58316f6/Screenshot_20251008-214610.png,793060
80,3326790,https://storage.cloud.google.com/ccu-forms-front-media/c79e26c8-7a5a-4270-959b-f5ebbe5aea76/Screenshot_20251008-214639.png,
81,3326792,https://storage.cloud.google.com/ccu-forms-front-media/7ff8fcf8-275d-44a0-b3c9-150b057d62a2/Screenshot_20251008-214617.png,
82,3326780,https://storage.cloud.google.com/ccu-forms-front-media/85cfb28e-3a94-48aa-bc2a-4e7e0622bf2e/Screenshot_20251008-214610.png,793060
83,3326784,https://storage.cloud.google.com/ccu-forms-front-media/8bb7847e-e77a-49ae-889e-12f4b3f36861/Screenshot_20251008-214610.png,793060
84,3331094,https://storage.cloud.google.com/ccu-forms-front-media/48580447-5bb1-48e5-9b65-42fa1082f31c/1000436557.jpg,
85,3330947,https://storage.cloud.google.com/ccu-forms-front-media/e66450e4-5089-4920-bbed-e7d20cef3d53/1000372327.jpg,
86,3331199,https://storage.cloud.google.com/ccu-forms-front-media/ae4cebac-5640-4eca-bd01-71ff50b9ad42/1000436561.jpg,
87,3329261,,
88,3327576,,
89,3334098,https://storage.cloud.google.com/ccu-forms-front-media/97e7c3e4-f587-4367-8e1c-c49a4ffb6e04/Subítufotodelacarta_menú(V)_0.jpg,
90,3330848,,
91,3328408,,
92,3329856,,
93,3329836,"https://storage.cloud.google.com/ccu-forms-front-media/0e6815d4-2057-420b-9df7-d5f68ceec10e/Subítufotodelacarta_menú(V)_1.jpg, a0c4a924-64cf-4bb1-806c-7fc57dd9236b/Subítufotodelacarta_menú(V)_0.jpg",
94,3327750,,
95,3329002,,
96,3328346,,
97,3327114,,
98,3330144,,
99,3331027,,
100,3331032,https://storage.cloud.google.com/ccu-forms-front-media/842de034-9660-44a0-b794-d95929639ade/Subítufotodelacarta_menú(V)_0.jpg,
101,3329352,,
102,3331206,https://storage.cloud.google.com/ccu-forms-front-media/0406c082-9ead-4cb3-8806-2796cd115521/Subítufotodelacarta_menú(V)_0.jpg,
103,3326831,https://storage.cloud.google.com/ccu-forms-front-media/999ec403-53b1-4f19-9082-321de7c4cca1/Screenshot_20250926-153112~2.png,
104,3326829,https://storage.cloud.google.com/ccu-forms-front-media/fbc879fa-95e9-43df-9e53-dfce73cd7fcb/Screenshot_20250926-153124~2.png,
105,3326832,https://storage.cloud.google.com/ccu-forms-front-media/cc63775e-b1b7-4e74-9968-554a8b599e2f/Screenshot_20250926-153117~2.png,
106,3326830,https://storage.cloud.google.com/ccu-forms-front-media/9e5a7ba0-6f6b-4b8b-8ef6-ebebe84c02d2/Screenshot_20250926-153107~2.png,
107,3327856,https://storage.cloud.google.com/ccu-forms-front-media/ea94ede7-e00e-41c9-8a3f-c4bf4ecb26e9/Subítufotodelacarta_menú(V)_0.jpg,
108,3327542,https://storage.cloud.google.com/ccu-forms-front-media/07cb0eb3-c043-4ee6-b2a2-b35e69bf6ea0/Subítufotodelacarta_menú(V)_0.jpg,
109,3327493,https://storage.cloud.google.com/ccu-forms-front-media/781753d1-c266-49a8-a13f-95c85bde998c/Subítufotodelacarta_menú(V)_0.jpg,
110,3327669,https://storage.cloud.google.com/ccu-forms-front-media/38dd6cd2-ce4c-4382-9adf-6fa1880c20be/Subítufotodelacarta_menú(V)_0.jpg,
111,3328035,https://storage.cloud.google.com/ccu-forms-front-media/428846cb-413a-4bda-a6dc-77e851c585da/Subítufotodelacarta_menú(V)_0.jpg,
112,3330225,https://storage.cloud.google.com/ccu-forms-front-media/de9aaf3b-487d-4249-989e-4c67d6c1c187/Subítufotodelacarta_menú(V)_0.jpg,
113,3326763,https://storage.cloud.google.com/ccu-forms-front-media/f90a5f81-1601-4e49-9fb0-0f59851de2aa/1000074811.jpg,
114,3326746,https://storage.cloud.google.com/ccu-forms-front-media/fdfcb7cb-f27d-43cb-b6e5-d5179aab6f05/1000265454.jpg,
115,3326768,https://storage.cloud.google.com/ccu-forms-front-media/88cecaa0-fbd3-45c8-bda0-bf4c13cb607e/1000074810.jpg,
116,3326748,https://storage.cloud.google.com/ccu-forms-front-media/cbc699e0-601e-430b-9347-b25ea6308822/1000074708.jpg,
117,3326756,https://storage.cloud.google.com/ccu-forms-front-media/a4fc8ad7-8160-4ee3-9297-86afa637dda0/1000074835.jpg,
118,3329714,https://storage.cloud.google.com/ccu-forms-front-media/8f1fad05-5ff1-4215-8b18-e161ae097920/Subítufotodelacarta_menú(V)_0.jpg,
119,3327203,https://storage.cloud.google.com/ccu-forms-front-media/258cc2a0-7535-4541-8ba6-11643ccaf564/IMG_4713.png,
120,3327205,https://storage.cloud.google.com/ccu-forms-front-media/79c6efbb-71f6-4d1d-b0bc-f2c5e549c88f/IMG_4715.png,
121,3328803,https://storage.cloud.google.com/ccu-forms-front-media/ed6f7e53-1594-4447-9feb-bb4304a5884b/Subítufotodelacarta_menú(V)_0.jpg,
122,3326877,https://storage.cloud.google.com/ccu-forms-front-media/5edbaae5-571f-4591-96a8-bca08f12585f/20250409_122732.jpg,
123,3326879,https://storage.cloud.google.com/ccu-forms-front-media/995a8673-37b1-4bcb-98ac-1c17d23fa909/20250924_122941.jpg,
124,3326871,https://storage.cloud.google.com/ccu-forms-front-media/b5770867-9370-47c4-ae1f-2169bdfecd9c/20250924_115008.jpg,
125,3326875,https://storage.cloud.google.com/ccu-forms-front-media/5044468d-db6d-4eee-b35e-8d61bfa3beab/Screenshot_20250919_115131_WhatsApp.jpg,
126,3326873,https://storage.cloud.google.com/ccu-forms-front-media/af565583-ba77-45a1-838c-d20de8f3e17d/IMG-20250130-WA0136.jpg,
127,3326950,https://storage.cloud.google.com/ccu-forms-front-media/038778fc-e45a-436b-a089-78f1a0c35a3c/1000167543.jpg,
128,3329485,https://storage.cloud.google.com/ccu-forms-front-media/6b64cb90-35b5-4992-9845-626fd62ef85c/Subítufotodelacarta_menú(V)_0.jpg,
129,3329475,https://storage.cloud.google.com/ccu-forms-front-media/2656488e-46ac-48da-8bde-ae50f48ee1b5/Subítufotodelacarta_menú(V)_0.jpg,
130,3331746,https://storage.cloud.google.com/ccu-forms-front-media/5a51f2ac-ec02-4241-a78f-6ab6ff266e29/Subítufotodelacarta_menú(V)_0.jpg,
131,3331747,https://storage.cloud.google.com/ccu-forms-front-media/a9150147-0054-42df-b145-710f0aa61009/Subítufotodelacarta_menú(V)_0.jpg,
132,3331736,https://storage.cloud.google.com/ccu-forms-front-media/e3bdcbb8-b829-467a-8837-eacf993a9a98/Subítufotodelacarta_menú(V)_0.jpg,
133,3331717,https://storage.cloud.google.com/ccu-forms-front-media/55e7e150-e357-466f-a124-eeb3d7ac79c3/Subítufotodelacarta_menú(V)_0.jpg,
134,3331764,https://storage.cloud.google.com/ccu-forms-front-media/4d2394bf-212d-4441-8507-15f517df91a5/Subítufotodelacarta_menú(V)_0.jpg,119684
135,3328761,,
136,3329222,,
137,3331979,https://storage.cloud.google.com/ccu-forms-front-media/f8ebb270-32d6-41e0-9320-7998c825dfc0/Subítufotodelacarta_menú(V)_0.jpg,
138,3327113,,
139,3336292,https://storage.cloud.google.com/ccu-forms-front-media/eba92adc-8660-4660-9140-ef2c33d867d5/Subítufotodelacarta_menú(V)_0.jpg,
140,3332051,https://storage.cloud.google.com/ccu-forms-front-media/d731f1d9-10cf-49d3-abd4-f9c4890755a7/1000468024.jpg,
141,2213766,https://storage.cloud.google.com/ccu-forms-front-media/0c6600ac-d370-4783-915a-e1d63120f76c/Subítufotodelacarta_menú(V)_0.jpg,
142,2213605,https://storage.cloud.google.com/ccu-forms-front-media/124e5fa7-c44d-42d9-b941-5036111ba093/IMG-20241212-WA0042.jpg,
143,2213714,https://storage.cloud.google.com/ccu-forms-front-media/52419a44-19eb-46fb-a024-4fa55beda574/Subítufotodelacarta_menú(V)_0.jpg,
144,2209682,https://storage.cloud.google.com/ccu-forms-front-media/355fb65d-1cb7-4164-aa73-497e82c9d802/IMG_20250225_100750092.jpg,
145,2209686,https://storage.cloud.google.com/ccu-forms-front-media/b7620ab8-9942-4eff-932a-5abbba61e290/IMG_20250122_131626958.jpg,
146,2209684,https://storage.cloud.google.com/ccu-forms-front-media/6bb970b0-1954-4a7d-ba3f-072a2cc44b27/IMG_20250225_100754832.jpg,
147,2209681,https://storage.cloud.google.com/ccu-forms-front-media/e138ce5b-2817-4d0b-97dc-33f3131ed36b/IMG_20250122_131636416.jpg,
148,2213373,https://storage.cloud.google.com/ccu-forms-front-media/e9d6d907-7f8c-48eb-86e1-84039ebc91e4/Subítufotodelacarta_menú(V)_0.jpg,
149,2211007,https://storage.cloud.google.com/ccu-forms-front-media/591106b3-4c72-4601-8e1e-e5db0013acd7/Screenshot_20250307_103937_Chrome.jpg,
150,2213315,https://storage.cloud.google.com/ccu-forms-front-media/a646192c-d0ef-44cd-a0e7-d2b6d7e6d881/Subítufotodelacarta_menú(V)_0.jpg,
151,2214145,https://storage.cloud.google.com/ccu-forms-front-media/6f3a00dd-6ecd-436e-915e-318a74950b23/Subítufotodelacarta_menú(V)_0.jpg,
152,2214126,https://storage.cloud.google.com/ccu-forms-front-media/191742f1-13d7-4ae1-af03-4764321e1093/Subítufotodelacarta_menú(V)_0.jpg,00020101021144160012com.naranjax5000520470325802AR5911Deportes RG6010RIO GRANDE80400036aadfbfe5-e06d-489e-ad9e-1f60660999609940003649e3b9ec-d873-4819-b77e-d1dcf21212256304B6A5
153,2217401,https://storage.cloud.google.com/ccu-forms-front-media/6f3f3a08-b499-46b0-8ea0-c69ef2969dec/Subítufotodelacarta_menú(V)_0.jpg,
154,2209971,https://storage.cloud.google.com/ccu-forms-front-media/67dde9c0-8714-4f2e-9286-3c76ad2a6102/Subítufotodelacarta_menú(V)_0.jpg,
155,2209895,https://storage.cloud.google.com/ccu-forms-front-media/6f69de34-f87a-4c32-9cc1-89df256a9e0a/Subítufotodelacarta_menú(V)_0.jpg,
156,2213134,https://storage.cloud.google.com/ccu-forms-front-media/dc06e37d-d2a0-4e5f-a030-17e0b3a59e58/Subítufotodelacarta_menú(V)_0.jpg,https://cafemartinez.page.link/L6JA
157,2218408,https://storage.cloud.google.com/ccu-forms-front-media/1942928b-712c-48e5-b557-07536636ff28/Subítufotodelacarta_menú(V)_0.jpg,
158,2214168,https://storage.cloud.google.com/ccu-forms-front-media/b5f3269c-a522-4f60-a4aa-26a9344bfc43/1000161902.jpg,
159,2214166,https://storage.cloud.google.com/ccu-forms-front-media/58c81a86-f045-476c-9229-dcc63d6a164b/1000161518.jpg,
160,2214167,https://storage.cloud.google.com/ccu-forms-front-media/0fc255d9-8c83-453a-b909-f3be2156f522/1000161899.jpg,
161,2214164,https://storage.cloud.google.com/ccu-forms-front-media/2a242019-2de9-404d-96a4-11e50d9af401/1000161430.jpg,
162,2214165,https://storage.cloud.google.com/ccu-forms-front-media/92936426-f7bc-4d40-acff-d2aaed65d336/1000161518.jpg,
163,2214170,https://storage.cloud.google.com/ccu-forms-front-media/af1cddbe-c008-463b-af62-9ecd035ef5e2/1000161905.jpg,
164,2214171,https://storage.cloud.google.com/ccu-forms-front-media/3813a30d-1093-4c58-a572-a4e3f1a3bd7b/1000161909.jpg,
165,2226675,https://storage.cloud.google.com/ccu-forms-front-media/2fed705a-4be9-41d3-b6f2-238274254529/Subítufotodelacarta_menú(V)_0.jpg,
166,2211750,https://storage.cloud.google.com/ccu-forms-front-media/4275e3d9-233b-4a65-8aa6-0d2b5f34d44f/Subítufotodelacarta_menú(V)_0.jpg,
167,2307445,https://storage.cloud.google.com/ccu-forms-front-media/c3131bd0-5387-4b53-a66e-8c54509ca0e4/Subítufotodelacarta_menú(V)_0.jpg,
168,2309729,https://storage.cloud.google.com/ccu-forms-front-media/83996c80-fbc0-4eea-912b-534d494a9a20/Subítufotodelacarta_menú(V)_0.jpg,https://www.laparolaccia.com/Carta_Parolaccia_Ingles.pdf
169,2311198,https://storage.cloud.google.com/ccu-forms-front-media/801986bc-cf86-48f2-a38d-82392b8b4687/1000155740.jpg,
170,2334577,https://storage.cloud.google.com/ccu-forms-front-media/77a3a4bd-4b66-45ab-bde7-570ba59771dd/Subítufotodelacarta_menú(V)_0.jpg,
171,2317455,https://storage.cloud.google.com/ccu-forms-front-media/c96fe656-6e36-4cf5-a60f-9f730ec3afdc/20241219_110048.jpg,
172,2308319,https://storage.cloud.google.com/ccu-forms-front-media/4f9b9609-b83d-40ae-bdac-4944ec5d2dd3/20250306_122246.jpg,
173,2308348,https://storage.cloud.google.com/ccu-forms-front-media/cc14c4da-a996-4f52-8caf-9a359010da8e/20250306_123942.jpg,
174,2308332,https://storage.cloud.google.com/ccu-forms-front-media/f17f0fc2-b7d8-452b-a2e8-62c589488c52/20250306_123453.jpg,
175,2306407,https://storage.cloud.google.com/ccu-forms-front-media/1b70e753-d257-4e91-a04f-a12323cf389f/2d8ace40-6fdf-45a9-b327-555de07ca63a-1_all_569.jpg,
176,2306464,https://storage.cloud.google.com/ccu-forms-front-media/ca828435-2227-4309-9318-7b45354feac7/2d8ace40-6fdf-45a9-b327-555de07ca63a-1_all_582.jpg,
177,2306598,https://storage.cloud.google.com/ccu-forms-front-media/a8182199-6e60-484e-bfd9-25db6a76585a/Screenshot_20250225-111308~2.png,
178,2306403,https://storage.cloud.google.com/ccu-forms-front-media/793ff775-1082-4120-9a7f-25b5633b4754/2d8ace40-6fdf-45a9-b327-555de07ca63a-1_all_569.jpg,
179,2306404,https://storage.cloud.google.com/ccu-forms-front-media/66797c74-bd6b-4c29-81e2-24d2e4c08901/2d8ace40-6fdf-45a9-b327-555de07ca63a-1_all_587.jpg,
180,2306602,https://storage.cloud.google.com/ccu-forms-front-media/a4493373-117e-42be-99c4-346989e77bae/Screenshot_20250225-111312~2.png,
181,2306575,https://storage.cloud.google.com/ccu-forms-front-media/315cfdcf-9cfc-47f9-8e27-d7aac1c47696/IMG_20250327_115133_908.jpg,
182,2306596,https://storage.cloud.google.com/ccu-forms-front-media/247430a4-8e86-46d6-9179-cfd21c5b91ad/IMG_20250306_124040_780.jpg,
183,2306399,https://storage.cloud.google.com/ccu-forms-front-media/a5cc4b5b-dda8-4840-a074-847824c714e3/2d8ace40-6fdf-45a9-b327-555de07ca63a-1_all_584.jpg,
184,2306984,https://storage.cloud.google.com/ccu-forms-front-media/943e1b84-5355-4566-817e-c7562466efa4/Subítufotodelacarta_menú(V)_0.jpg,
185,2310160,https://storage.cloud.google.com/ccu-forms-front-media/621522cb-3411-409c-9f30-7d5d7f5cbd5e/Subítufotodelacarta_menú(V)_0.jpg,
186,2309644,https://storage.cloud.google.com/ccu-forms-front-media/0c4be5fb-6785-4578-8777-ec632a579817/Subítufotodelacarta_menú(V)_0.jpg,
187,2307990,https://storage.cloud.google.com/ccu-forms-front-media/c7728328-d13e-47d8-9ed8-90beb267020f/Subítufotodelacarta_menú(V)_0.jpg,
188,2308486,https://storage.cloud.google.com/ccu-forms-front-media/ed760a01-8dd9-4805-99c4-2c6272509ee3/Subítufotodelacarta_menú(V)_0.jpg,
189,2311477,https://storage.cloud.google.com/ccu-forms-front-media/01f8e0cc-1363-486b-ac10-06bf3ed796ea/Subítufotodelacarta_menú(V)_0.jpg,
190,2311482,https://storage.cloud.google.com/ccu-forms-front-media/3d7f2f78-728d-4320-9037-bb77fd3d32c2/Subítufotodelacarta_menú(V)_0.jpg,
191,2311486,https://storage.cloud.google.com/ccu-forms-front-media/11b0ba97-fe9a-4afa-af06-b6546a7a56d5/Subítufotodelacarta_menú(V)_0.jpg,
192,2311460,https://storage.cloud.google.com/ccu-forms-front-media/7cf6218c-9278-44ba-b8a8-91d1f5484b25/Subítufotodelacarta_menú(V)_0.jpg,
193,2311483,https://storage.cloud.google.com/ccu-forms-front-media/835a9c72-a56c-436b-ac96-b226834656cc/Subítufotodelacarta_menú(V)_0.jpg,
194,2311496,https://storage.cloud.google.com/ccu-forms-front-media/ddb10c9a-a215-4890-bfe5-7e7871810c5b/Subítufotodelacarta_menú(V)_0.jpg,
195,2311471,https://storage.cloud.google.com/ccu-forms-front-media/5d09f2f9-572d-42f3-9f72-e9ea395e3e16/Subítufotodelacarta_menú(V)_0.jpg,
196,2311494,https://storage.cloud.google.com/ccu-forms-front-media/a77cb137-6ab7-4d47-a8a0-1c67f68d0b2a/Subítufotodelacarta_menú(V)_0.jpg,
197,2307132,https://storage.cloud.google.com/ccu-forms-front-media/31e51b8c-2638-4874-a8c8-016c83773549/IMG_20231101_125954855.jpg,
198,2306665,https://storage.cloud.google.com/ccu-forms-front-media/122bfd60-1a7c-400e-932c-942f03c281f8/IMG-20250206-WA0097(1).jpg,
199,2306690,https://storage.cloud.google.com/ccu-forms-front-media/13657557-a6d0-4544-a3f4-6b87c3df88ae/IMG-20250206-WA0005(1).jpg,
200,2306666,https://storage.cloud.google.com/ccu-forms-front-media/7d7ddb98-4b91-44c2-a1f2-99a731a7a07f/IMG-20250206-WA0097(1).jpg,
201,2306543,https://storage.cloud.google.com/ccu-forms-front-media/1bbd5d38-6f3e-47da-82f7-ae15a3cd6d0a/IMG-20250202-WA0002(1).jpg,
202,2306689,https://storage.cloud.google.com/ccu-forms-front-media/aedd91a5-f0db-473b-89b9-ef0bf9215e11/IMG-20250202-WA0001(1).jpg,
203,2308719,https://storage.cloud.google.com/ccu-forms-front-media/b6a18ec1-ff8a-49a8-a5ee-f73d7cb63c67/Subítufotodelacarta_menú(V)_0.jpg,
204,2312038,https://storage.cloud.google.com/ccu-forms-front-media/f42a1a36-f28d-4e19-b443-1cb2872ef305/Subítufotodelacarta_menú(V)_0.jpg,
205,2307587,https://storage.cloud.google.com/ccu-forms-front-media/43d6472f-9143-49e9-b50f-440ef5d60e57/Subítufotodelacarta_menú(V)_0.jpg,
206,2308706,https://storage.cloud.google.com/ccu-forms-front-media/223904ef-aea8-4b81-abd1-b8cbb36e8cc6/Subítufotodelacarta_menú(V)_0.jpg,
207,2308708,https://storage.cloud.google.com/ccu-forms-front-media/ce375909-6c85-4dd8-a574-cccaeab86306/Subítufotodelacarta_menú(V)_0.jpg,
208,2307056,https://storage.cloud.google.com/ccu-forms-front-media/bf5ecdb3-473f-45e5-81e9-d1dabf87a7be/Subítufotodelacarta_menú(V)_0.jpg,
209,2308530,https://storage.cloud.google.com/ccu-forms-front-media/5937bae1-d608-4822-bc27-3e8538c0acf8/Subítufotodelacarta_menú(V)_0.jpg,
210,2306746,https://storage.cloud.google.com/ccu-forms-front-media/2cbf28a9-af00-49e7-b033-43f595ff0381/Subítufotodelacarta_menú(V)_0.jpg,
211,2310613,https://storage.cloud.google.com/ccu-forms-front-media/107d4e1b-60fd-4b18-8c2e-95afafb9f247/Subítufotodelacarta_menú(V)_0.jpg,
212,2311190,https://storage.cloud.google.com/ccu-forms-front-media/8c947653-ec71-4fd8-a937-74876f38a755/IMG-20250109-WA0023(3).jpg,
213,2311185,https://storage.cloud.google.com/ccu-forms-front-media/bbd95f57-79f1-48d3-ba09-86e8b9590ff3/IMG-20250109-WA0021(3).jpg,
214,2306560,https://storage.cloud.google.com/ccu-forms-front-media/640eb8a0-bcfc-4475-8cd6-a5a78a254511/1000034903.jpg,
215,2306544,https://storage.cloud.google.com/ccu-forms-front-media/064712c3-7ab8-4c8c-b5d4-c62ef9b41d79/1000056262.jpg,
216,2306488,https://storage.cloud.google.com/ccu-forms-front-media/c8d75308-af92-4ca7-8fe0-a2ca70e64ea6/1000056261.jpg,
217,2306559,https://storage.cloud.google.com/ccu-forms-front-media/e92d0035-eb4b-463f-951b-d8f9501344df/1000048497.jpg,
218,2311199,https://storage.cloud.google.com/ccu-forms-front-media/e169e6fc-767c-423f-9869-df441753ecf6/IMG_20250312_104101361_MFNR.jpg,
219,2306505,https://storage.cloud.google.com/ccu-forms-front-media/48c9bb20-6ec4-4747-8af1-1c152703cc51/IMG-20250324-WA0117.jpg,
220,2312263,https://storage.cloud.google.com/ccu-forms-front-media/03718243-189b-4c16-bdbe-87c0794d00e3/IMG-20250320-WA0028.jpg,
221,2311177,https://storage.cloud.google.com/ccu-forms-front-media/15bef5a6-47d2-4275-ba48-65b920685b84/IMG_20250205_111933875_MFNR.jpg,
222,2311226,https://storage.cloud.google.com/ccu-forms-front-media/3e063ee4-4e2d-4611-9959-14dd0451e70e/IMG-20250320-WA0027.jpg,
223,2311203,https://storage.cloud.google.com/ccu-forms-front-media/3801714e-fef0-4364-b211-5cdfa0c06f1c/IMG-20250109-WA0025(3).jpg,
224,2311204,https://storage.cloud.google.com/ccu-forms-front-media/6ee57dd3-81da-4a2e-ae73-4e406aa031e3/IMG_20250325_115526501.jpg,
225,2311221,https://storage.cloud.google.com/ccu-forms-front-media/326a7eda-60a4-4b35-b589-934cd09f8ecd/IMG_20250314_131022863.jpg,
226,2311220,https://storage.cloud.google.com/ccu-forms-front-media/fdc546ab-9395-4b18-bb0c-18a78ec3f64f/IMG-20250320-WA0026.jpg,
227,2306445,https://storage.cloud.google.com/ccu-forms-front-media/7d81e8ec-d3a9-493d-a285-42078f8884d2/IMG-20250324-WA0121.jpg,
228,2306447,https://storage.cloud.google.com/ccu-forms-front-media/6293d318-5484-4cdb-bf19-d07ef3d9198a/IMG-20250324-WA0120.jpg,
229,2306449,https://storage.cloud.google.com/ccu-forms-front-media/d58aee61-1378-4af6-a933-ca7ae7471106/IMG-20250324-WA0119.jpg,
230,2306448,https://storage.cloud.google.com/ccu-forms-front-media/ad22a51e-9683-4e02-9f82-51ef40295bd8/IMG_20250325_110521378.jpg,
231,2306454,https://storage.cloud.google.com/ccu-forms-front-media/84139755-43c5-4792-96bf-ececa50cd123/IMG-20250324-WA0118.jpg,
232,2306456,https://storage.cloud.google.com/ccu-forms-front-media/a518de5c-a2a4-4ae8-8f80-9988d1cc002e/IMG_20250324_100411270.jpg,
233,2306502,https://storage.cloud.google.com/ccu-forms-front-media/7796103b-7454-414c-a566-531ae561488b/IMG-20250324-WA0116.jpg,
234,2306347,https://storage.cloud.google.com/ccu-forms-front-media/980a54c8-55cc-4489-8605-48065b327a48/Subítufotodelacarta_menú(V)_0.jpg,
235,2306349,https://storage.cloud.google.com/ccu-forms-front-media/d1ba3cc0-4ae8-48a1-a824-3f5c63fda416/Subítufotodelacarta_menú(V)_0.jpg,
236,2311202,https://storage.cloud.google.com/ccu-forms-front-media/a30f9d04-b142-449b-a242-fcabc92ca266/Subítufotodelacarta_menú(V)_0.jpg,
237,2312744,https://storage.cloud.google.com/ccu-forms-front-media/15d52dc7-7119-4448-a850-f4000aeed11e/Subítufotodelacarta_menú(V)_0.jpg,
238,2311186,https://storage.cloud.google.com/ccu-forms-front-media/a90b50e2-8fec-4c59-ad39-cf41016b2c1b/Subítufotodelacarta_menú(V)_0.jpg,
239,2308279,https://storage.cloud.google.com/ccu-forms-front-media/f7dcc904-ce7d-42a2-8cf9-7561df2f5c7c/Subítufotodelacarta_menú(V)_0.jpg,
240,2306346,https://storage.cloud.google.com/ccu-forms-front-media/e2c1e129-5161-49b4-a159-3ce9cfa8600a/Subítufotodelacarta_menú(V)_0.jpg,
241,2306348,https://storage.cloud.google.com/ccu-forms-front-media/7432153c-a048-48a2-9302-2657bc50d49f/Subítufotodelacarta_menú(V)_0.jpg,
242,2306350,https://storage.cloud.google.com/ccu-forms-front-media/7faf01c7-ccdc-492a-bb93-77fa71f29414/Subítufotodelacarta_menú(V)_0.jpg,
243,2306725,https://storage.cloud.google.com/ccu-forms-front-media/f40193a1-929b-4edc-9e37-d722a0447b69/IMG_2808.jpeg,https://nucleoit.com.ar//Menu?storeValidationCode=840e028d-2d5c-4408-9148-c57060f69756
244,2306840,https://storage.cloud.google.com/ccu-forms-front-media/34fa2d08-1d70-4852-b143-8b39ca04bd76/20250402_111321.jpg,
245,2306936,https://storage.cloud.google.com/ccu-forms-front-media/58e30427-9e4a-4f64-a8d5-996697bcbb8f/Subítufotodelacarta_menú(V)_0.jpg,
246,2306971,https://storage.cloud.google.com/ccu-forms-front-media/45bf6f0d-7bbb-494e-939d-075c217d0103/Subítufotodelacarta_menú(V)_0.jpg,
247,2306904,https://storage.cloud.google.com/ccu-forms-front-media/58ed190a-d6d4-4ff1-bef2-9f7fcaa5e2cf/Subítufotodelacarta_menú(V)_0.jpg,
248,2306925,https://storage.cloud.google.com/ccu-forms-front-media/56804509-c70a-4976-a071-1238356e5c4a/Subítufotodelacarta_menú(V)_0.jpg,
249,2308558,https://storage.cloud.google.com/ccu-forms-front-media/1a04ded4-20d9-466a-a5ec-62020b5f93a4/Subítufotodelacarta_menú(V)_0.jpg,
250,2309716,https://storage.cloud.google.com/ccu-forms-front-media/6fc5cab1-d874-493a-8719-a187e78886de/Subítufotodelacarta_menú(V)_0.jpg,
251,2307190,https://storage.cloud.google.com/ccu-forms-front-media/c135309b-5e37-4730-91d7-bf06ad2a077b/Subítufotodelacarta_menú(V)_0.jpg,
252,2311228,https://storage.cloud.google.com/ccu-forms-front-media/8c21a1b4-f18a-4450-8486-8cc7b757b6e9/IMG_20250217_133307232.jpg,
253,2311224,https://storage.cloud.google.com/ccu-forms-front-media/0d97bb42-55f4-45ab-bcc1-0ea1da1395c0/IMG-20250320-WA0026.jpg,
254,2306362,https://storage.cloud.google.com/ccu-forms-front-media/7b637c06-abbf-46f1-8487-3673f62cb735/Screenshot_20250324-131701.png,
255,2306364,https://storage.cloud.google.com/ccu-forms-front-media/7878a78a-cc0e-46c5-91e7-fc287d38ceb5/IMG-20250324-WA0288.jpg,
256,2311196,https://storage.cloud.google.com/ccu-forms-front-media/d6f24d67-011e-4e73-92fd-413f00763df3/IMG-20250109-WA0024(3).jpg,
257,2311216,https://storage.cloud.google.com/ccu-forms-front-media/55208f49-a69d-4f0c-a7ee-8d14a4870fe1/IMG-20240425-WA0014.jpg,
258,2312249,https://storage.cloud.google.com/ccu-forms-front-media/0c0660c4-a0b2-4277-b06f-d3451cd1d4c6/IMG-20240420-WA0090.jpg,
259,2311206,https://storage.cloud.google.com/ccu-forms-front-media/2b8425d9-983f-450c-be31-f7f03768df62/IMG-20250320-WA0028.jpg,
260,2306363,https://storage.cloud.google.com/ccu-forms-front-media/85791d86-3531-438e-b39f-df7d4e7cfe0a/IMG-20250324-WA0285.jpg,
261,2311189,https://storage.cloud.google.com/ccu-forms-front-media/3c736e61-b6d5-41b4-9343-caac2be5fa73/IMG_20250218_114644135_MFNR.jpg,
262,2311197,https://storage.cloud.google.com/ccu-forms-front-media/56aadb3e-2003-4a7f-9ce4-e858fa798b47/IMG-20240507-WA0010.jpeg,
263,2311229,https://storage.cloud.google.com/ccu-forms-front-media/00a7ee57-e0b6-4de1-9f83-49e9a6463412/IMG-20250403-WA0147.jpg,
264,2311232,https://storage.cloud.google.com/ccu-forms-front-media/83ac4234-78e0-4404-b7a6-cb3c27c0828c/IMG-20250320-WA0030.jpg,
265,2311245,https://storage.cloud.google.com/ccu-forms-front-media/8bd5c322-b1fc-4ce9-921b-70f88b5d2c27/IMG-20250320-WA0028(1).jpg,
266,2311188,https://storage.cloud.google.com/ccu-forms-front-media/6ce978f6-2006-4c5f-815e-f93b86a8f25e/IMG-20250109-WA0022(3).jpg,
267,2311200,https://storage.cloud.google.com/ccu-forms-front-media/b9b8564c-3b8a-49ec-8850-b70bd78a2a65/IMG-20250320-WA0025.jpg,
268,2311219,https://storage.cloud.google.com/ccu-forms-front-media/60af5939-14f8-4876-a064-f11409793a17/IMG_20250116_104229946_MFNR.jpg,
269,2306365,https://storage.cloud.google.com/ccu-forms-front-media/99cd3cde-241c-4872-8783-53abbbb3c43e/IMG_20250324_132017928.jpg,
270,2312283,https://storage.cloud.google.com/ccu-forms-front-media/83734f74-732a-4f0f-968d-095d9aa79f6c/IMG-20250320-WA0029.jpg,
271,2312255,https://storage.cloud.google.com/ccu-forms-front-media/8a168b68-acca-44e4-991e-7f0e4139730d/IMG_20250211_101253342_MFNR.jpg,
272,2306361,https://storage.cloud.google.com/ccu-forms-front-media/33a20a32-e811-4174-8d70-332e49717bf0/IMG-20250325-WA0064.jpg,
273,2344016,https://storage.cloud.google.com/ccu-forms-front-media/d1273941-da4a-46cf-b8e6-d7a863ec4965/IMG-20250320-WA0026.jpg,
274,2311205,https://storage.cloud.google.com/ccu-forms-front-media/028479ac-ab5b-4fec-9458-d9839e6fc80f/IMG-20240420-WA0110.jpg,
275,822660,https://storage.cloud.google.com/ccu-forms-front-media/67609547-57b6-41da-a5de-f8a4bc75b657/Subítufotodelacarta/menú(V)_0.jpg,
276,823028,https://storage.cloud.google.com/ccu-forms-front-media/6e3e8b29-41ed-42ab-ab8e-94e8fdd2c00a/Subítufotodelacarta/menú(V)_0.jpg,
277,823076,https://storage.cloud.google.com/ccu-forms-front-media/76733949-8782-48fc-a8e0-a66c4f02293f/Subítufotodelacarta/menú(V)_0.jpg,
278,822066,https://storage.cloud.google.com/ccu-forms-front-media/4a0c8014-f8e7-45f7-b08c-e0cf116e76ce/Subítufotodelacarta/menú(V)_0.jpg,
279,822185,,
280,822070,,
281,824322,https://storage.cloud.google.com/ccu-forms-front-media/5a922259-ccc4-4569-972e-ac128b6f63da/20240207_134657.jpg,
282,824323,https://storage.cloud.google.com/ccu-forms-front-media/5d675571-618b-457b-b7dd-216612849541/Screenshot_20240210-104358_Samsung Internet.jpg,
283,823018,https://storage.cloud.google.com/ccu-forms-front-media/2f9c7b6b-323d-4332-b26f-0c457039a1e5/Subítufotodelacarta/menú(V)_0.jpg,
284,822818,https://storage.cloud.google.com/ccu-forms-front-media/a32ebee4-357a-46fb-975f-9f7db8ba69f6/Subítufotodelacarta/menú(V)_0.jpg,
285,823620,https://storage.cloud.google.com/ccu-forms-front-media/679f01e5-ff95-45cf-a308-e0232d1a6a8e/20240210_095608.jpg,
286,821898,https://storage.cloud.google.com/ccu-forms-front-media/360fdf8b-4ec2-4d87-a9dc-4e8458517a73/Screenshot_20231220_215822_Gallery.jpg,
287,820247,https://storage.cloud.google.com/ccu-forms-front-media/31093d23-cd87-462e-ac1b-bd41c55694d8/IMG-20231128-WA0016.jpg,
288,821215,https://storage.cloud.google.com/ccu-forms-front-media/3ed7759b-5fb9-4c0d-bb19-7f23824f1960/Subítufotodelacarta/menú(V)_0.jpg,
289,821899,https://storage.cloud.google.com/ccu-forms-front-media/6caf89f4-8eaf-4882-a54e-27d2a8e07522/Screenshot_20240131_225947_Gallery.jpg,
290,821919,https://storage.cloud.google.com/ccu-forms-front-media/ffe0020e-0790-4057-a2b6-2811e6aecae3/Screenshot_20231220_215839_Gallery.jpg,
291,821920,https://storage.cloud.google.com/ccu-forms-front-media/e3366feb-438d-4e3d-a5e9-5f430cf77338/IMG-20230815-WA0206.jpg,
292,821900,https://storage.cloud.google.com/ccu-forms-front-media/deddf63b-1a29-45a9-b748-ddecc5a84a94/Screenshot_20240112_080545_WhatsApp.jpg,
293,821901,https://storage.cloud.google.com/ccu-forms-front-media/d0c33353-2d0a-4099-8b52-8e16c524e3e6/IMG-20231023-WA0193.jpg,
294,821902,https://storage.cloud.google.com/ccu-forms-front-media/00288a34-2e84-4639-9c11-0a800c589dcf/Screenshot_20240119_080833_WhatsApp.jpg,
295,821892,https://storage.cloud.google.com/ccu-forms-front-media/0941476a-2824-4016-817e-aba20b67fdb2/IMG-20240208-WA0055.jpg,
296,821903,https://storage.cloud.google.com/ccu-forms-front-media/f438d51e-8884-4193-9276-c5fc3d201a39/Screenshot_20231024_064553_WhatsApp.jpg,
297,821904,https://storage.cloud.google.com/ccu-forms-front-media/04f0ca9f-904e-4109-9279-547256b44ede/Screenshot_20231122_232726_Gallery.jpg,
298,822172,https://storage.cloud.google.com/ccu-forms-front-media/bfd58313-88ac-49c8-830c-d43d19349914/IMG-20231128-WA0016.jpg,
299,821905,,
300,821906,,
301,823275,https://storage.cloud.google.com/ccu-forms-front-media/0c908ac2-ca6b-455c-bd81-c2c6fd6ad710/7e803755-0eae-46a4-93d2-6d9f156204d5.jpeg,
302,823114,,
303,822471,https://storage.cloud.google.com/ccu-forms-front-media/06b9467e-b09f-4a59-b8e0-bf2f5f7e35bd/IMG-20240210-WA0021.jpg,
304,822221,https://storage.cloud.google.com/ccu-forms-front-media/4d846436-a9c7-4a7f-b0f8-d6e0cf0169cd/IMG-20240210-WA0007.jpg,
305,829688,https://storage.cloud.google.com/ccu-forms-front-media/c3ee082e-8067-4722-8cf7-7404c3b25505/Subítufotodelacarta/menú(V)_0.jpg,
306,822964,https://storage.cloud.google.com/ccu-forms-front-media/87102b9e-ed8c-414a-bf9a-7976d3ae20c6/IMG-20240210-WA0066.jpg,
307,822475,,
308,829690,,
309,822724,https://storage.cloud.google.com/ccu-forms-front-media/996e9dbd-4623-4754-b863-8fef20014818/Subítufotodelacarta/menú(V)_0.jpg,
310,822365,https://storage.cloud.google.com/ccu-forms-front-media/e8ca544f-0f16-4adc-9fb1-cd5f3fb0b427/Subítufotodelacarta/menú(V)_0.jpg,
311,822745,,
312,822852,https://storage.cloud.google.com/ccu-forms-front-media/4d9a780f-18fd-491b-aa03-21ed96a6d1e8/Subítufotodelacarta/menú(V)_0.jpg,
313,822939,https://storage.cloud.google.com/ccu-forms-front-media/3bad3dd2-8150-412b-a31d-73ebd6fb5805/Subítufotodelacarta/menú(V)_0.jpg,
314,3515794,https://storage.cloud.google.com/ccu-forms-front-media/5bc2bdb0-fea3-471b-9d19-66c74bd7b646/1000035256.jpg,
315,3515793,https://storage.cloud.google.com/ccu-forms-front-media/e83212d9-5c70-4361-af16-25b1f277605e/1000035256.jpg,
316,3515626,https://storage.cloud.google.com/ccu-forms-front-media/fdccfc5e-9970-485a-927f-bf225ad30745/Subítufotodelacarta_menú(V)_0.jpg,
317,3515544,https://storage.cloud.google.com/ccu-forms-front-media/8f81f160-d0c4-46a5-a61c-35fd6501596f/Subítufotodelacarta_menú(V)_0.jpg,
318,3515551,https://storage.cloud.google.com/ccu-forms-front-media/674f87de-23cb-430f-aeb3-21a4b4f03c52/Subítufotodelacarta_menú(V)_0.jpg,
319,3511942,https://storage.cloud.google.com/ccu-forms-front-media/13ab0301-5e3d-40ae-b1a2-4640cf30c426/Subítufotodelacarta_menú(V)_0.jpg,
320,3515561,https://storage.cloud.google.com/ccu-forms-front-media/b4739388-0db4-4b8d-bffc-801aa7639c11/Subítufotodelacarta_menú(V)_0.jpg,
321,3515569,https://storage.cloud.google.com/ccu-forms-front-media/0ffa585a-c8ac-4ee4-ab4f-3953070bdf52/Subítufotodelacarta_menú(V)_0.jpg,
322,3515545,https://storage.cloud.google.com/ccu-forms-front-media/2ec031e2-f627-46ad-bbcb-e74c94bc03de/Subítufotodelacarta_menú(V)_0.jpg,
323,3515550,https://storage.cloud.google.com/ccu-forms-front-media/f2128df6-77ad-43a5-8cd6-5a73f4bf51a3/Subítufotodelacarta_menú(V)_0.jpg,
324,3515548,https://storage.cloud.google.com/ccu-forms-front-media/32d5aacb-ae0d-4888-ac26-c20c0c607925/Subítufotodelacarta_menú(V)_0.jpg,
325,3515624,https://storage.cloud.google.com/ccu-forms-front-media/24b40d26-29ae-4502-b2f4-cda24a4439c8/Subítufotodelacarta_menú(V)_0.jpg,
326,3515628,https://storage.cloud.google.com/ccu-forms-front-media/31f73e43-fa11-4668-a67a-af9bd76cc9af/Subítufotodelacarta_menú(V)_0.jpg,
327,3515564,https://storage.cloud.google.com/ccu-forms-front-media/c4b2e260-2732-46a8-a5dc-0491dfa54896/Subítufotodelacarta_menú(V)_0.jpg,
328,3515567,https://storage.cloud.google.com/ccu-forms-front-media/ec7a5b89-6753-4568-a7ad-e402cfe6169f/Subítufotodelacarta_menú(V)_0.jpg,
329,3515640,https://storage.cloud.google.com/ccu-forms-front-media/92be9433-51f6-4bc9-91af-d7a696f65dc2/Subítufotodelacarta_menú(V)_0.jpg,
330,3515560,https://storage.cloud.google.com/ccu-forms-front-media/f720a5a0-349b-4bda-b36f-a02b4368384c/Subítufotodelacarta_menú(V)_0.jpg,
331,3515638,https://storage.cloud.google.com/ccu-forms-front-media/7092496f-5d9d-4b84-92e4-a20a097dbc07/Subítufotodelacarta_menú(V)_0.jpg,
332,3515555,https://storage.cloud.google.com/ccu-forms-front-media/ac604966-9869-4969-bc40-5414e19d9b98/Subítufotodelacarta_menú(V)_0.jpg,
333,3515553,https://storage.cloud.google.com/ccu-forms-front-media/caac2954-3ced-41a2-b7f6-e4aa92ca37be/Subítufotodelacarta_menú(V)_0.jpg,
334,3515559,https://storage.cloud.google.com/ccu-forms-front-media/f8c34929-6699-4f2e-b3e5-80a149abbcad/Subítufotodelacarta_menú(V)_0.jpg,
335,3515573,https://storage.cloud.google.com/ccu-forms-front-media/0f29f53a-0e66-465a-a36d-60cf8f7bb8b3/Subítufotodelacarta_menú(V)_0.jpg,
336,3515572,https://storage.cloud.google.com/ccu-forms-front-media/f6c23230-5696-4955-bd5d-2974097e4843/Subítufotodelacarta_menú(V)_0.jpg,
337,3515577,https://storage.cloud.google.com/ccu-forms-front-media/cbf46eec-be0a-432c-bb8b-c91771d20750/Subítufotodelacarta_menú(V)_0.jpg,
338,3515574,https://storage.cloud.google.com/ccu-forms-front-media/c5f7b438-dc77-4a8c-ad83-7f17d0f95b21/Subítufotodelacarta_menú(V)_0.jpg,
339,3515565,https://storage.cloud.google.com/ccu-forms-front-media/6681ff4a-4901-43d4-af6c-30235c4f548f/Subítufotodelacarta_menú(V)_0.jpg,
340,3515633,https://storage.cloud.google.com/ccu-forms-front-media/96d4fee4-ef9a-463a-8482-ccb9ba33d4bf/Subítufotodelacarta_menú(V)_0.jpg,
341,3515547,https://storage.cloud.google.com/ccu-forms-front-media/f4e5e054-b027-4a66-a7aa-1400749486ac/Subítufotodelacarta_menú(V)_0.jpg,
342,3515552,https://storage.cloud.google.com/ccu-forms-front-media/ad30ea41-c90c-4376-9896-7c3042ef1beb/Subítufotodelacarta_menú(V)_0.jpg,
343,3515562,https://storage.cloud.google.com/ccu-forms-front-media/8183660c-d9f4-48e0-80fc-3a73e761904e/Subítufotodelacarta_menú(V)_0.jpg,
344,3515576,https://storage.cloud.google.com/ccu-forms-front-media/27ffdf8f-a19f-4456-8ab2-19a69defe231/Subítufotodelacarta_menú(V)_0.jpg,
345,3515625,https://storage.cloud.google.com/ccu-forms-front-media/e5ba2d40-de3c-437c-89a6-f5df841e85c2/Subítufotodelacarta_menú(V)_0.jpg,
346,3515556,https://storage.cloud.google.com/ccu-forms-front-media/7573ea59-65b1-4cf2-b53f-fd3fb173ae37/Subítufotodelacarta_menú(V)_0.jpg,
347,3515575,https://storage.cloud.google.com/ccu-forms-front-media/2101c845-d6c1-43b0-88d3-73555650cadf/Subítufotodelacarta_menú(V)_0.jpg,
348,3515631,https://storage.cloud.google.com/ccu-forms-front-media/69dfabf3-d74b-465f-9528-0d57fe366a69/Subítufotodelacarta_menú(V)_0.jpg,
349,3515571,https://storage.cloud.google.com/ccu-forms-front-media/cbeb759c-8d96-444b-8216-61c52939a90c/Subítufotodelacarta_menú(V)_0.jpg,
350,3515558,https://storage.cloud.google.com/ccu-forms-front-media/bc86870c-c054-40ec-990d-f63eaba89b6d/Subítufotodelacarta_menú(V)_0.jpg,
351,3515989,https://storage.cloud.google.com/ccu-forms-front-media/3ce09db1-533d-4d09-9e7c-8ff26726de7a/1000340133.jpg,
352,3515985,https://storage.cloud.google.com/ccu-forms-front-media/undefined/undefined,
353,3515988,https://storage.cloud.google.com/ccu-forms-front-media/00d9ab06-7ef7-462e-b277-4f7fb81284a8/1000339673.jpg,
354,3515994,https://storage.cloud.google.com/ccu-forms-front-media/dcd205ff-a4c1-451e-aa9f-ec3a1bf2213a/1000339677.jpg,
355,3515986,https://storage.cloud.google.com/ccu-forms-front-media/6c1eff96-900b-4502-ae8e-13af69455382/1000339668.jpg,
356,3516129,https://storage.cloud.google.com/ccu-forms-front-media/9d1b089f-41bc-4ce4-b1cc-d52ca1c603ff/IMG-20250930-WA0030.jpg,
357,3516145,https://storage.cloud.google.com/ccu-forms-front-media/e331f18c-4602-4f52-9008-b0aaa34344c1/IMG-20250930-WA0024.jpg,
358,3516157,https://storage.cloud.google.com/ccu-forms-front-media/7cec8f6b-5712-41fd-9de0-365023dae767/IMG-20250930-WA0016.jpg,
359,3516168,https://storage.cloud.google.com/ccu-forms-front-media/7229f1e9-e0f2-4d32-ae6d-a3e766c04381/IMG-20251105-WA0143.jpg,
360,3516143,https://storage.cloud.google.com/ccu-forms-front-media/32fd9851-790b-4a6e-bbff-b2b6714fa484/IMG-20250930-WA0021.jpg,
361,3516134,https://storage.cloud.google.com/ccu-forms-front-media/a8cca092-cd7a-4c90-9722-440ac26fc1bc/IMG-20250930-WA0028.jpg,
362,3516155,https://storage.cloud.google.com/ccu-forms-front-media/a08030df-8956-4409-9d27-f7293786b43a/IMG-20250930-WA0015.jpg,
363,3516154,https://storage.cloud.google.com/ccu-forms-front-media/906a3c4b-c274-43a0-83e5-2b31cf82f9ae/IMG-20250930-WA0017.jpg,
364,3516144,https://storage.cloud.google.com/ccu-forms-front-media/fd3a17a4-f6f9-4810-a8fb-1e8d954cab6c/IMG-20250930-WA0023.jpg,
365,3516140,https://storage.cloud.google.com/ccu-forms-front-media/f6d2d625-a8af-40de-ac65-24c8ebc0b302/IMG-20250930-WA0018.jpg,
366,3516163,https://storage.cloud.google.com/ccu-forms-front-media/995575f3-44ce-4f0c-b420-c4f1e270c01e/IMG-20250930-WA0026.jpg,
367,3516149,https://storage.cloud.google.com/ccu-forms-front-media/314dfb31-e95b-4f45-afd9-a25fcf4b2f1b/IMG-20250930-WA0027.jpg,
368,3516160,https://storage.cloud.google.com/ccu-forms-front-media/d1b7adce-73d9-4ad4-918c-7ee9b8caac84/IMG-20250930-WA0013.jpg,
369,3516152,https://storage.cloud.google.com/ccu-forms-front-media/ff6137f7-7e39-4ccf-a617-ad64c805ec68/IMG-20250930-WA0031.jpg,
370,3516146,https://storage.cloud.google.com/ccu-forms-front-media/30e0492e-124d-490d-9526-1e89313187da/IMG-20250930-WA0032.jpg,
371,3516165,https://storage.cloud.google.com/ccu-forms-front-media/078a2435-4388-42a4-8ca0-37e486b07f81/IMG-20251105-WA0107.jpg,
372,3516148,https://storage.cloud.google.com/ccu-forms-front-media/720e9a12-ceaf-44dd-9555-5fca0579cd13/IMG-20250930-WA0033.jpg,
373,3516132,https://storage.cloud.google.com/ccu-forms-front-media/d8f271ed-c32b-4596-a05f-18dcbb4ecbdd/IMG-20250930-WA0028.jpg,
374,3516169,https://storage.cloud.google.com/ccu-forms-front-media/df8d9cfa-526d-42fe-bcad-b3ebe0b55877/IMG-20250930-WA0018.jpg,
375,3516141,https://storage.cloud.google.com/ccu-forms-front-media/db1e507e-2695-4a04-baf3-876caaeb8ac8/IMG-20250930-WA0028.jpg,
376,660522,https://storage.cloud.google.com/ccu-forms-front-media/6f3aeb24-e600-44be-b996-87036f9d3b9b/Subítufotodelacarta/menú(V)_0.jpg,
377,660766,https://storage.cloud.google.com/ccu-forms-front-media/e9bebefa-766c-4400-9b49-6baeb117ac28/Subítufotodelacarta/menú(V)_0.jpg,
378,660493,https://storage.cloud.google.com/ccu-forms-front-media/21394da2-4084-4548-aa0f-497c36bd7057/Subítufotodelacarta/menú(V)_0.jpg,
379,660543,https://storage.cloud.google.com/ccu-forms-front-media/e906a237-8395-4621-89d2-fe0db7fe3710/Subítufotodelacarta/menú(V)_0.jpg,
380,2438183,https://storage.cloud.google.com/ccu-forms-front-media/4f86c33b-870e-4b6f-a5f2-950a8fd909bb/IMG-20250220-WA0069(3).jpg,
381,2406705,https://storage.cloud.google.com/ccu-forms-front-media/8726e491-f105-45d5-a28f-2e28b8783842/IMG-20250227-WA0156(1).jpg,
382,2388051,https://storage.cloud.google.com/ccu-forms-front-media/b12f39a4-ae08-4980-86cd-988881e82173/IMG-20250228-WA0102(1).jpg,
383,2405222,https://storage.cloud.google.com/ccu-forms-front-media/b6f975c7-8d03-46a9-83da-fae832a8cb14/IMG-20250227-WA0156(1).jpg,
384,2399333,https://storage.cloud.google.com/ccu-forms-front-media/d222eb11-19e2-4789-b672-1369b21d0e95/1000445137.jpg,
385,2399289,https://storage.cloud.google.com/ccu-forms-front-media/543d7b22-e7b0-4be9-ba44-5829a8365274/1000445133.jpg,
386,2399306,https://storage.cloud.google.com/ccu-forms-front-media/624a07ba-fa2a-48e0-a99c-d8b29d6a72c3/1000445134.jpg,
387,2399322,https://storage.cloud.google.com/ccu-forms-front-media/f2a7ee10-960a-4695-91c0-131237075d51/1000445136.jpg,
388,2399313,https://storage.cloud.google.com/ccu-forms-front-media/6236e8e5-5825-4718-ade7-c23768697e50/1000445135.jpg,
389,2401814,https://storage.cloud.google.com/ccu-forms-front-media/0ba80ae7-b97d-4116-b02e-6b6c90cf188a/Subítufotodelacarta_menú(V)_0.jpg,
390,2399413,https://storage.cloud.google.com/ccu-forms-front-media/6d97424a-d916-4292-b1e2-c83d0b845c26/IMG-20250328-WA0054.jpg,
391,2399426,https://storage.cloud.google.com/ccu-forms-front-media/616332b8-b151-44c9-b51c-5678ac9ee33f/Subítufotodelacarta_menú(V)_0.jpg,
392,2402197,https://storage.cloud.google.com/ccu-forms-front-media/3083b02f-2fa4-4bbc-a426-5093bab7add8/IMG_20250429_132559296.jpg,
393,2398912,https://storage.cloud.google.com/ccu-forms-front-media/6887383d-6f87-4e65-8629-03310bef5566/IMG-20250215-WA0105.jpg,
394,2398969,https://storage.cloud.google.com/ccu-forms-front-media/2d01dab1-15de-47b0-8e3b-c22101005020/IMG-20250422-WA0232~2.jpg,
395,2398896,https://storage.cloud.google.com/ccu-forms-front-media/776187b4-f560-4f0f-a3fc-43b919f119d0/IMG-20250422-WA0176.jpg,
396,2398908,https://storage.cloud.google.com/ccu-forms-front-media/8dcf4562-eb95-4c02-911f-0feddaa8312d/Subítufotodelacarta_menú(V)_0.jpg,
397,2398966,https://storage.cloud.google.com/ccu-forms-front-media/18ba6e9d-c4bb-4935-acbd-7dd86e5cc997/IMG_20250428_141437_815.jpg,
398,2398726,https://storage.cloud.google.com/ccu-forms-front-media/fcd07873-989d-4ccb-b717-0d0b74beb50a/Subítufotodelacarta_menú(V)_0.jpg,
399,2398790,https://storage.cloud.google.com/ccu-forms-front-media/39074c29-860e-439a-a724-2f4aef6a7622/Subítufotodelacarta_menú(V)_0.jpg,
400,2402992,https://storage.cloud.google.com/ccu-forms-front-media/40a2fddc-b750-4853-ad33-6b55ce7defad/1000383770.jpg,
401,2402717,https://storage.cloud.google.com/ccu-forms-front-media/d585e110-6b78-4395-96b3-54476609def1/Subítufotodelacarta_menú(V)_0.jpg,
402,2402920,https://storage.cloud.google.com/ccu-forms-front-media/a5b7a8ff-4842-409a-b11d-d342f3eb49f9/1000383767.jpg,
403,2402831,https://storage.cloud.google.com/ccu-forms-front-media/fa6f3923-e3da-4a69-88a4-018810db9943/Subítufotodelacarta_menú(V)_0.jpg,
404,2402910,https://storage.cloud.google.com/ccu-forms-front-media/f98cae8c-3e89-49fa-8c23-191557a57779/1000383764.jpg,
405,2402748,https://storage.cloud.google.com/ccu-forms-front-media/6056c2f2-1fa6-441a-b20d-d27637adcaf5/Subítufotodelacarta_menú(V)_0.jpg,
406,2402854,https://storage.cloud.google.com/ccu-forms-front-media/ef834b37-ec1e-49f1-8e9e-a008a75081b4/1000383744.jpg,
407,2402727,https://storage.cloud.google.com/ccu-forms-front-media/8f5dd38b-18e2-4fe9-bb98-997602105200/Subítufotodelacarta_menú(V)_0.jpg,
408,2402885,https://storage.cloud.google.com/ccu-forms-front-media/fb140de5-ac7c-40fc-980c-82b59e91d5be/1000383754.jpg,
409,2402856,https://storage.cloud.google.com/ccu-forms-front-media/bc86cc9c-3d2d-4ebc-b2a8-6ce74442b3d8/1000383747.jpg,
410,2403164,https://storage.cloud.google.com/ccu-forms-front-media/bf364db0-2261-4dcf-beb6-6b0a3e30e136/1000383813.jpg,
411,2403162,https://storage.cloud.google.com/ccu-forms-front-media/fa66f693-faec-451c-a3b2-3b993a74a3a7/1000383810.jpg,
412,2402889,https://storage.cloud.google.com/ccu-forms-front-media/3ef400c3-3eb4-4c75-b647-e50a2de9dc35/1000383756.jpg,
413,2402769,https://storage.cloud.google.com/ccu-forms-front-media/480deee0-6422-44e1-9637-99dde44771d2/Subítufotodelacarta_menú(V)_0.jpg,
414,2402771,https://storage.cloud.google.com/ccu-forms-front-media/9709c080-1359-43f6-95ca-9597055a5a15/Subítufotodelacarta_menú(V)_0.jpg,
415,2402864,https://storage.cloud.google.com/ccu-forms-front-media/2752238b-1557-4ea1-b73d-bed1134d3623/1000383747.jpg,
416,2403123,https://storage.cloud.google.com/ccu-forms-front-media/c5811368-4d0e-4012-b627-6b1f96887cd3/Screenshot_20250429-153109_WhatsApp.jpg,
417,2403095,https://storage.cloud.google.com/ccu-forms-front-media/8144f441-a1a9-4593-ab8c-9a6e76ea2ba4/IMG-20250429-WA0067.jpg,
418,2403117,https://storage.cloud.google.com/ccu-forms-front-media/b110e395-1178-447b-a72c-2c6eaf019ea9/IMG-20250429-WA0067.jpg,
419,2403090,https://storage.cloud.google.com/ccu-forms-front-media/e723ee12-a18f-466d-9e67-a2b0edd98255/Screenshot_20250429-153116_WhatsApp.jpg,
420,2403085,https://storage.cloud.google.com/ccu-forms-front-media/cc845974-803d-48d2-9764-6c95d7cab48a/Screenshot_20250429-153226_WhatsApp.jpg,
421,2398823,https://storage.cloud.google.com/ccu-forms-front-media/2c91850d-ef09-4e3f-b781-9dbd6dea0ada/IMG-20240831-WA0008.jpg,https://menu.fu.do/occasiocafe/qr-menu
422,2398822,https://storage.cloud.google.com/ccu-forms-front-media/9e0329de-9ad7-4d2d-8e4e-903b24c05700/20241230_125641.jpg,
423,2398815,https://storage.cloud.google.com/ccu-forms-front-media/b43c3195-4c74-4c5e-9cdf-e477a71006a0/IMG-20250331-WA0009.jpg,
424,2398817,https://storage.cloud.google.com/ccu-forms-front-media/d6812e4c-3116-4ccc-994d-70aa7352baab/20250123_111456.jpg,
425,2403372,https://storage.cloud.google.com/ccu-forms-front-media/04def5d7-ea26-48b7-b18f-6b41e69ea9a0/20250429_155338.jpg,
426,2399873,https://storage.cloud.google.com/ccu-forms-front-media/cb7a5514-0c4c-4221-b41c-10d750123fda/1000085007.png,
427,2399855,https://storage.cloud.google.com/ccu-forms-front-media/f4ad2619-d65d-4429-8ee1-2db44045e3f4/1000396470.png,
